,rmse_general,mae_general,rmse_spike,mae_spike,rmse_normal,mae_normal
0,32.677511173282205,22.348564225472714,73.58010312061522,60.65033763969652,20.17459510111232,16.525097372745375
