,rmse_general,mae_general,rmse_spike,mae_spike,rmse_normal,mae_normal
0,27.676389030232695,16.590489356177226,52.26661170061552,39.70100375083355,21.80990834707537,13.177544192409414
