,rmse_general,mae_general,rmse_spike,mae_spike,rmse_normal,mae_normal
0,28.067754557231297,17.902046487308734,55.360342660608524,40.50565760500706,18.601047016470087,13.516271195815035
