,rmse_general,mae_general,rmse_spike,mae_spike,rmse_normal,mae_normal
0,28.67185490004786,17.71357770679116,47.1964568083981,34.85877757743169,23.438853161504785,14.386897134875834
