,rmse_general,mae_general,rmse_spike,mae_spike,rmse_normal,mae_normal
0,32.79816139774213,16.478438547839623,84.32784310886548,69.83026870449002,12.57286377618015,8.366735439747682
