,rmse_general,mae_general,rmse_spike,mae_spike,rmse_normal,mae_normal
0,38.751382486515965,24.79465121508462,79.32552377325145,56.85161217720885,24.457108217735485,18.748965360459955
