,rmse_general,mae_general,rmse_spike,mae_spike,rmse_normal,mae_normal
0,26.00756900340655,15.731237581730833,54.83122574096832,41.132730551661304,18.422814606857358,12.057467937319403
