,rmse_general,mae_general,rmse_spike,mae_spike,rmse_normal,mae_normal
0,30.94508089651909,22.98258877403673,62.42264466491813,50.96145242614221,21.865014283591428,18.41761628343005
