,rmse_general,mae_general,rmse_spike,mae_spike,rmse_normal,mae_normal
0,38.6762685437388,27.39541957563541,64.0664178478817,52.922136474285715,33.15463517805737,23.514294069758954
