,rmse_general,mae_general,rmse_spike,mae_spike,rmse_normal,mae_normal
0,29.276388856236945,19.114254439599872,41.2033429986616,28.782255100494403,26.721239520581257,17.468637305830587
