,rmse_general,mae_general,rmse_spike,mae_spike,rmse_normal,mae_normal
0,29.54417286245048,19.780245247788322,65.28417441065122,53.08785990002776,17.20403888076244,14.110864030385867
