,rmse_general,mae_general,rmse_spike,mae_spike,rmse_normal,mae_normal
0,29.3120170840587,21.3312120723294,62.845042053324015,51.15107917719314,18.841090555692492,16.465865334167418
