,rmse_general,mae_general,rmse_spike,mae_spike,rmse_normal,mae_normal
0,29.88660398781034,21.396355869917155,60.301237366975585,48.6748759738932,20.647284382731062,16.753203511793572
