,rmse_general,mae_general,rmse_spike,mae_spike,rmse_normal,mae_normal
0,31.241741832906676,23.9419494946934,59.18446752264701,47.84620830156714,23.744187606157315,20.041780952519265
