,rmse_general,mae_general,rmse_spike,mae_spike,rmse_normal,mae_normal
0,33.50448863816388,22.074887075711608,67.24260179863907,54.278956151933706,23.323694356545136,16.593343403163168
