,rmse_general,mae_general,rmse_spike,mae_spike,rmse_normal,mae_normal
0,30.829044999349108,22.1787088905193,63.04545997460993,50.23474387352928,20.872363214370708,17.40321357426228
