,rmse_general,mae_general,rmse_spike,mae_spike,rmse_normal,mae_normal
0,28.704390990167475,19.96413575848169,42.34263407029814,30.759119147886516,25.80405285052185,18.20284899494722
