,rmse_general,mae_general,rmse_spike,mae_spike,rmse_normal,mae_normal
0,30.801141200724814,22.51335797061969,62.46395385708957,50.223875687139966,21.120274724196157,17.796674103977942
