,rmse_general,mae_general,rmse_spike,mae_spike,rmse_normal,mae_normal
0,30.966354042583216,23.064252248303124,62.5288837128884,51.14201321962843,21.36881758840371,18.2850588914818
