,rmse_general,mae_general,rmse_spike,mae_spike,rmse_normal,mae_normal
0,28.704390990167475,19.96413575848169,61.78193795555598,49.69275476345606,18.31938176155414,15.1136768681964
