,rmse_general,mae_general,rmse_spike,mae_spike,rmse_normal,mae_normal
0,37.10343037546244,26.230252837314605,72.0422144147017,59.52068692904762,28.228816167148803,21.168717593132783
