,rmse_general,mae_general,rmse_spike,mae_spike,rmse_normal,mae_normal
0,30.51185082037076,20.083853433758733,42.1288255644161,29.232876507989292,28.33159070097819,18.69291414593338
