,rmse_general,mae_general,rmse_spike,mae_spike,rmse_normal,mae_normal
0,37.34895258875226,24.261566696455503,61.8686331337711,49.9439097204301,31.5913898137081,20.071287746929823
