,rmse_general,mae_general,rmse_spike,mae_spike,rmse_normal,mae_normal
0,29.88660398781034,21.396355869917155,41.16247819121218,30.494026487995047,27.510811607437024,19.847816190244323
