,rmse_general,mae_general,rmse_spike,mae_spike,rmse_normal,mae_normal
0,53.34310473570086,27.188864750639894,97.7928674903326,64.62317378771596,40.049348387493936,20.27068203984055
