,rmse_general,mae_general,rmse_spike,mae_spike,rmse_normal,mae_normal
0,38.15363605430185,24.063217072963802,45.385751123239125,31.52535522849462,36.83917597913563,22.84570839144737
