,rmse,mae,mse,rmse_spike,rmse_normal,mae_spike,mae_normal,mse_spike,mse_normal
ANN,38.46574258082011,23.15252469757889,1479.6133522939176,84.77119013213351,19.943324833257115,62.45776549447476,15.700823333152218,7186.15467641833,397.73620540480994
