,rmse_general,mae_general,rmse_spike,mae_spike,rmse_normal,mae_normal
0,34.05768979703854,17.82287415302241,84.0351118673966,69.94656425745848,16.20431585500457,9.897898333494771
