,rmse_general,mae_general,rmse_spike,mae_spike,rmse_normal,mae_normal
0,32.139251807889266,20.648696070324284,44.131820710418346,31.581805831989247,29.726971133870737,18.86487096885965
