index,rmse,mae,rmse_spike,rmse_normal,mae_spike,mae_normal
Mean_benchmark,48.62507745970794,24.968541848801824,112.9356426340592,20.855531103493252,68.73221160203177,16.841583677357082
Naive_1,54.81932418826825,18.15177797963978,95.9066832692529,43.07115289118404,45.938873325,12.991685993500466
Naive_2,60.20941225394295,26.84141323147849,128.03396085553348,35.41513072073745,67.26061099793827,19.335526923872216
Naive_3,67.90682796991267,31.100867319184047,119.76429368749434,52.9534365140161,70.76183077499999,23.735781254965676
