index,rmse,mae,mse,rmse_spike,rmse_normal,mae_spike,mae_normal,mse_spike,mse_normal
Mean_benchmark,45.76768948668315,25.47201216374406,2094.6814009494474,95.6367057227608,20.408399102056737,62.650177958799254,16.624271007618695,9146.379481501946,416.5027539088302
Naive_1,53.24964485274288,19.197337067769084,2835.5246769432465,85.15383980819628,42.24544758123398,40.116118717357914,14.219038089928716,7251.176434079954,1784.6778413387879
Naive_2,59.50754168024481,31.975615529368508,3541.147516826074,96.71809574252045,46.451039458442985,64.02805130069524,24.347706303583937,9354.390044059352,2157.6990667698274
Naive_3,63.493974723812016,34.04592354474488,4031.484826228079,106.86015388170576,47.67982561114027,66.78025772887068,26.25573471130825,11419.092487621832,2273.365770308747
