,rmse,mae,mse,rmse_spike,rmse_normal,mae_spike,mae_normal,mse_spike,mse_normal
ANN,38.50138735241494,23.761527056839213,1482.3568280606967,84.03476210529776,20.605043590240232,61.91139486866095,16.52886758796502,7061.841242093988,424.5678213557001
