,rmse_general,mae_general,rmse_spike,mae_spike,rmse_normal,mae_normal
0,34.05706748240546,17.625965706648206,49.01322407860514,30.871621619570348,31.160634389930337,15.612072409722597
