,rmse_general,mae_general,rmse_spike,mae_spike,rmse_normal,mae_normal
0,34.05768979703854,17.82287415302241,48.407958061535716,30.90386761102995,31.30493911330976,15.834016416140292
