,rmse_general,mae_general,rmse_spike,mae_spike,rmse_normal,mae_normal
0,30.94508089651909,22.98258877403673,43.736703336012575,33.23800000625702,28.314891862408903,21.309337467727104
