,rmse_general,mae_general,rmse_spike,mae_spike,rmse_normal,mae_normal
0,30.893292598607424,21.287758185654642,70.17864164652839,57.62599558602392,19.200194181012236,15.927156584816876
