,rmse_general,mae_general,rmse_spike,mae_spike,rmse_normal,mae_normal
0,29.835726419059608,20.03549762816966,69.45155368560587,57.571190471817964,17.60467993913633,14.498247900581855
