,rmse_general,mae_general,rmse_spike,mae_spike,rmse_normal,mae_normal,time
0,59.20600648256839,32.2665717970772,75.09503886516075,40.1077484967563,55.613483277723084,30.750849664871343,11222.361280679703
1,36.35653001247312,19.491790095620686,56.83486256404028,28.629129820975162,30.859671896577513,17.722749189646194,8934.704041957855
2,27.21488281057658,17.259150217830292,30.6287624128339,21.652058079887123,26.625770746773398,16.55355361822531,8004.332962751389
3,28.155883508725193,16.697366996697838,32.37713033706135,21.613011447272065,27.451360733270278,15.943709838371811,9490.615029335022
4,29.814576020328794,18.60629641745775,40.73315339404374,24.234101984750694,27.745150010856744,17.736017206020698,6434.632526397705
5,29.35543979989504,22.055076481319617,41.345949353322716,31.517682169251522,26.09933094957541,20.03957563082148,2193.240560531616
