,all_param,rmse_general,mae_general,rmse_spike,mae_spike,rmse_normal,mae_normal
0,"{'n_hidden': 1, 'units': 50}",2178.2244115633953,2177.5459532906766,2176.041444375128,2175.2767863228814,2178.5485141970894,2177.8830478850946
1,"{'n_hidden': 1, 'units': 100}",1756.9046923697952,1755.3494313197157,1748.2828310688617,1746.935387610109,1758.1819002709485,1756.5993740043932
2,"{'n_hidden': 1, 'units': 150}",217.02868442078136,188.28331920732757,206.11918745662862,179.2836101691995,218.60289514738912,189.62026501658093
3,"{'n_hidden': 1, 'units': 200}",497.64362025058483,489.86994660859426,509.91278491637087,503.0326619193058,495.7950812235093,487.91456816263616
4,"{'n_hidden': 2, 'units': 50}",2242.6566662488344,2239.1894501219344,2227.201374738287,2223.934719090814,2244.9435395677338,2241.455606576209
5,"{'n_hidden': 2, 'units': 100}",647.6751657448658,608.5157320595296,612.4646297595274,571.3695765962536,652.7438284745258,614.0339545560681
6,"{'n_hidden': 2, 'units': 150}",442.3473907177102,405.7415564085789,470.75758104836945,436.40161667126137,437.96974075342456,401.1868714842123
7,"{'n_hidden': 2, 'units': 200}",2056.5738322237135,2050.737441874559,2017.1365675030859,2011.0506473822882,2062.3680739071847,2056.6330873175784
