,all_param,rmse_general,mae_general,rmse_spike,mae_spike,rmse_normal,mae_normal
0,"{'n_hidden': 1, 'units': 50}",33.477315913163864,21.932216853881414,29.080643370566435,19.31969214317783,34.08210798880834,22.32031873014745
1,"{'n_hidden': 1, 'units': 100}",34.74109439095084,20.91817785665512,29.65727123427756,19.01102757805946,35.43414778672523,21.20149330183035
2,"{'n_hidden': 1, 'units': 150}",32.111231734458514,18.291608953791727,27.949053319159766,17.61262976115182,32.684354936722876,18.392474257583693
3,"{'n_hidden': 1, 'units': 200}",34.879171767907444,22.396547202585012,31.71443666585133,21.550009790202918,35.32512728397735,22.52230400661784
4,"{'n_hidden': 2, 'units': 50}",32.05831282247519,18.684872205043373,28.335476165085637,17.1827912093809,32.575079667705886,18.908012851457837
5,"{'n_hidden': 2, 'units': 100}",32.568460264028616,21.469132679354352,28.648769450917346,20.26239938415937,33.1111855011324,21.64839814394463
6,"{'n_hidden': 2, 'units': 150}",33.38617899998118,19.919948682835898,27.435225452756868,16.764974996067536,34.1819469910193,20.388633707091618
7,"{'n_hidden': 2, 'units': 200}",35.45756539866318,23.046198994899328,31.0937830295373,20.815454910585544,36.06080200224767,23.377585703336766
