,rmse_general,mae_general,rmse_spike,mae_spike,rmse_normal,mae_normal
0,31.77172289133051,16.847279956960204,80.70464462935544,66.49307539949942,13.139089138450828,9.299048677686216
