,rmse_general,mae_general,rmse_spike,mae_spike,rmse_normal,mae_normal
0,30.19105527861529,19.558774881373765,71.17918321434819,58.69422235809596,17.278872943494253,13.785530018619708
