,rmse_general,mae_general,rmse_spike,mae_spike,rmse_normal,mae_normal
0,30.224077029161464,19.534459237195254,71.69596165442942,59.143817311514795,17.028114667649653,13.691303281061955
