,rmse_general,mae_general,rmse_spike,mae_spike,rmse_normal,mae_normal
0,31.075410013003804,21.4284850810358,70.08008020723628,56.903931323026136,19.586658882795952,16.19516207144715
