,rmse_general,mae_general,rmse_spike,mae_spike,rmse_normal,mae_normal
0,34.7522195342737,24.090697404600302,70.57304294347611,57.13665796571429,25.18110611143379,19.066333288010426
