,rmse_general,mae_general,rmse_spike,mae_spike,rmse_normal,mae_normal
0,35.491408074750794,24.238318236215854,70.07976642092306,56.63696806476191,26.54156472980048,19.312372345689738
