,rmse_general,mae_general,rmse_spike,mae_spike,rmse_normal,mae_normal
0,35.647681816014405,24.044184942119156,70.04710628156319,56.83101872142858,26.794737024549445,19.05921890269331
