,rmse_general,mae_general,rmse_spike,mae_spike,rmse_normal,mae_normal
0,35.720365891902965,24.133183932880844,69.88224317957825,56.55345759047619,26.97112196930517,19.203950318563567
