,rmse_general,mae_general,rmse_spike,mae_spike,rmse_normal,mae_normal,time
"{'batch_size': 48, 'steps': 48}",25.324390781041835,15.263234049185352,33.45694726889236,20.525115892096732,23.873731071978064,14.47765732334224,586.8878753185272
"{'batch_size': 48, 'steps': 96}",24.480896923573543,14.646361776675533,33.94131648674095,21.3000438921396,22.66513529108075,13.61579146405478,1547.358497619629
"{'batch_size': 48, 'steps': 336}",25.353954638408542,16.48515613799492,35.06103436824092,21.795423847918446,23.163613453568395,15.522892861700054,11555.590110778809
"{'batch_size': 96, 'steps': 48}",26.33970104108947,15.73342065462048,35.716143567014996,22.200116126950736,24.569426127419373,14.731812182966317,744.4659070968628
"{'batch_size': 96, 'steps': 96}",27.04398136004785,16.596424532419196,36.50932964081751,23.090289022363734,25.262697157981236,15.590607927209739,1652.6530261039734
"{'batch_size': 96, 'steps': 336}",25.976899733563165,15.817330952462749,40.30233900942336,24.77314478186032,22.148860250387866,14.079635731833372,6708.180558204651
"{'batch_size': 336, 'steps': 48}",46.14380161034436,38.6463073185512,50.67528040861802,39.389288071626154,45.421799633672975,38.5343513146632,409.2604115009308
"{'batch_size': 336, 'steps': 96}",33.170230393547456,26.93939197296596,33.77350080671264,28.273912389028606,33.075958861558874,26.73302283646143,892.7206132411957
"{'batch_size': 336, 'steps': 336}",23.285665902283494,13.415055482144297,34.80462328959853,22.086433462561452,20.208768476806025,11.680779886060867,4188.635719537735
