,rmse_general,mae_general,rmse_spike,mae_spike,rmse_normal,mae_normal,time
0,18.02393125665777,14.542336384932211,17.672508750770636,17.181234747750565,18.051281022696145,14.334782581115034,8036.191528558731
