,optimizers,rmse_general,mae_general,rmse_spike,mae_spike,rmse_normal,mae_normal
0,<keras.optimizers.RMSprop object at 0x7fb8b6e435d0>,30.278278739824678,15.263450316588084,76.54540517876825,61.27672268765644,12.298606496452674,8.136582565881255
1,<keras.optimizers.Adam object at 0x7fb8b6eab3d0>,30.39106131134366,16.810101368029915,75.10108825469091,59.201856698341736,13.895403501635473,10.244160316868834
2,<keras.optimizers.Nadam object at 0x7fb8b6ec9690>,33.013671055661376,19.869794581333796,78.52716827174449,61.22652597519958,17.424118530195955,13.464165508298946
3,<keras.optimizers.Adamax object at 0x7fb8ca74b8d0>,33.55445327902904,19.710628418127694,80.82068242310258,63.78494237510903,16.98730203844577,12.884080542083968
