,optimizers,rmse_general,mae_general,rmse_spike,mae_spike,rmse_normal,mae_normal
0,<tensorflow.python.keras.optimizer_v2.rmsprop.RMSprop object at 0x000001A3A0B2B9C8>,27.13266014604335,15.446936798549867,36.566980010079945,21.12715469663683,25.4255785137296,14.59890426728618
1,<tensorflow.python.keras.optimizer_v2.adam.Adam object at 0x000001A3BACFF508>,27.643693780788848,18.932545374408193,32.20094691921078,22.571336203675447,26.897152093499763,18.389289278771106
2,<tensorflow.python.keras.optimizer_v2.nadam.Nadam object at 0x000001A3BACFF688>,28.945915114694934,17.503290287172792,37.909400523231774,24.287860550944757,27.356891574505525,16.490382613989937
3,<tensorflow.python.keras.optimizer_v2.adamax.Adamax object at 0x000001A3BACFF408>,33.548255055420995,28.177689074307914,40.86033753962384,34.01545937288798,32.31495487307653,27.306134635364973
