,rmse_general,mae_general,rmse_spike,mae_spike,rmse_normal,mae_normal,time
0,34.70255864601054,19.231377475151778,37.83526905030117,23.57556848578401,34.089546426288756,18.425197792884703,2628.8285245895386
1,33.64748676000226,18.686307584567995,49.47840411167974,25.667431010660277,29.674809710026153,17.35179448764649,2147.9572360515594
2,28.726050049285018,18.082183238212345,35.20014240292418,22.865713956693703,27.465005916502598,17.263174909195413,2126.2087864875793
3,28.76844775234124,18.2544394389346,38.62634070595783,26.15483817289897,27.0655447647596,17.123792035147208,1267.8396224975586
4,27.735267864954047,16.304950230198298,35.707723632811785,20.731524986565336,26.368431035050754,15.65775447271567,844.2344675064087
5,25.198535789832718,15.745488389968902,40.09932022419217,24.857836737569208,21.427196980498643,14.098678447631498,431.9797751903534
