,rmse_general,mae_general,rmse_spike,mae_spike,rmse_normal,mae_normal
0,29.28718099097866,19.09002510616024,63.71452117017225,50.87048425020227,17.68478232010966,13.680585251855218
