,rmse_general,mae_general,rmse_spike,mae_spike,rmse_normal,mae_normal
0,29.887506386126493,21.393417315502482,60.38229742529813,48.82481497926132,20.608453311059726,16.72424324507545
