,rmse_general,mae_general,rmse_spike,mae_spike,rmse_normal,mae_normal
0,31.13873512112974,15.082685270168403,80.77871964139526,67.14420141439523,12.250056232919107,7.402592157508313
