,rmse_general,mae_general,rmse_spike,mae_spike,rmse_normal,mae_normal
0,31.198442297459827,16.033942368247295,76.20967060557534,59.94138317108154,12.265279613481711,8.560335423084014
