{"rmse_general": 217.83685413691785, "mae_general": 36.16059233944527, "rmse_spike": 363.3211267908413, "mae_spike": 55.585682352789505, "rmse_normal": 64.06095791379653, "mae_normal": 26.201201898852315}