{"rmse_general": 43.55146249782116, "mae_general": 23.89356574845886, "rmse_spike": 89.66483927289738, "mae_spike": 59.831512743863456, "rmse_normal": 19.79765956141687, "mae_normal": 15.090322248143616}