{"rmse_general": 56.45203113780438, "mae_general": 27.419646154013723, "rmse_spike": 89.61669444271853, "mae_spike": 55.48885320526893, "rmse_normal": 44.5806724312334, "mae_normal": 20.470047669520316}