{"rmse_general": 101.29461328803585, "mae_general": 21.19575953383575, "rmse_spike": 82.47036514008731, "mae_spike": 20.278124881929745, "rmse_normal": 105.36289246162293, "mae_normal": 21.418783404435917}