{"rmse_general": 57.61393146041725, "mae_general": 33.48701249143518, "rmse_spike": 83.10760765027673, "mae_spike": 56.993865205684, "rmse_normal": 51.3331104846843, "mae_normal": 29.003345986953327}