{"rmse_general": 44.902469975631035, "mae_general": 28.814632487657313, "rmse_spike": 84.73510459734386, "mae_spike": 55.52080085725718, "rmse_normal": 27.410263125361507, "mae_normal": 22.272775682423912}