{"rmse_general": 47.92490578176993, "mae_general": 24.593018446645655, "rmse_spike": 83.54313275459407, "mae_spike": 60.56912627507164, "rmse_normal": 37.73328739458592, "mae_normal": 17.88593424145299}