{"rmse_general": 42.70410145823761, "mae_general": 24.690198609623266, "rmse_spike": 84.76117732242035, "mae_spike": 54.91048775126967, "rmse_normal": 22.593624687577428, "mae_normal": 17.28753412247646}