{"rmse_general": 43.87748146585839, "mae_general": 25.588676927088034, "rmse_spike": 89.14140397094046, "mae_spike": 60.27089157601958, "rmse_normal": 20.845068281475594, "mae_normal": 17.001777200174967}