{"rmse_general": 59.89705859754707, "mae_general": 32.6296712776386, "rmse_spike": 95.07897063109016, "mae_spike": 61.74534510976949, "rmse_normal": 47.30455068380711, "mae_normal": 25.420980188884357}