{"rmse_general": 48.287059264555126, "mae_general": 23.882653547199588, "rmse_spike": 48.49920877185802, "mae_spike": 26.81677023038276, "rmse_normal": 48.24213938316782, "mae_normal": 23.26304284480314}