{"rmse_general": 36.261896470722675, "mae_general": 20.659670226116525, "rmse_spike": 80.80203717283948, "mae_spike": 60.03253971794431, "rmse_normal": 17.8998645832676, "mae_normal": 13.149740323044634}