{"rmse_general": 33.112409578592526, "mae_general": 22.03851694548301, "rmse_spike": 72.73400596484392, "mae_spike": 58.20641367905786, "rmse_normal": 20.20396741925741, "mae_normal": 16.103122412810666}