{"rmse_general": 40.757529009952954, "mae_general": 27.492966243448684, "rmse_spike": 46.490168488901205, "mae_spike": 33.946410506401826, "rmse_normal": 39.60912913756551, "mae_normal": 26.302130110112923}