{"rmse_general": 42.14931259262493, "mae_general": 23.696111395174096, "rmse_spike": 86.24173864608863, "mae_spike": 56.31590456066464, "rmse_normal": 19.744528317867367, "mae_normal": 15.705672147143273}