{"rmse_general": 43.79071964921077, "mae_general": 25.882166414583327, "rmse_spike": 83.80599085565756, "mae_spike": 53.90539784705883, "rmse_normal": 25.824846192165072, "mae_normal": 19.0176860925072}