{"rmse_general": 34.55138852428751, "mae_general": 21.143337334113227, "rmse_spike": 74.11412421188862, "mae_spike": 56.411333572468834, "rmse_normal": 19.333720858354294, "mae_normal": 14.416365615000196}
