{"rmse_general": 33.94097903216755, "mae_general": 24.0567603304054, "rmse_spike": 70.56848786297861, "mae_spike": 56.8042345121789, "rmse_normal": 22.88673126200823, "mae_normal": 18.682680088772397}