{"rmse_general": 42.70410143919738, "mae_general": 24.690198337404382, "rmse_spike": 84.76117766752411, "mae_spike": 54.91048791107371, "rmse_normal": 22.59362432563469, "mae_normal": 17.287533744430625}