{"rmse_general": 43.14638721637217, "mae_general": 25.245217801265007, "rmse_spike": 76.03779770368322, "mae_spike": 41.555647887005634, "rmse_normal": 32.42380759350518, "mae_normal": 21.873788118737615}