{"rmse_general": 56.91886592539804, "mae_general": 30.094021047816145, "rmse_spike": 95.97747104915258, "mae_spike": 59.14812350713502, "rmse_normal": 41.96644165969767, "mae_normal": 22.900574291343933}