{"rmse_general": 40.05348431240123, "mae_general": 21.197950053376772, "rmse_spike": 45.7765238641604, "mae_spike": 30.562001990173236, "rmse_normal": 38.894136417277316, "mae_normal": 19.453129628237708}