{"rmse_general": 33.27316244344214, "mae_general": 22.829859953356483, "rmse_spike": 69.46606297236181, "mae_spike": 57.13234115845649, "rmse_normal": 22.290893505359143, "mae_normal": 17.200592625437885}