{"rmse_general": 34.95130234507694, "mae_general": 23.504805543634987, "rmse_spike": 68.75892931829605, "mae_spike": 51.922910722760975, "rmse_normal": 23.512254563923307, "mae_normal": 18.084373133504005}