{"rmse_general": 45.41543664074839, "mae_general": 25.85474432330247, "rmse_spike": 83.37209901896152, "mae_spike": 53.48613594333334, "rmse_normal": 29.413069708415776, "mae_normal": 19.086247816954852}