{"rmse_general": 40.5855685814575, "mae_general": 24.31565042608121, "rmse_spike": 89.73463394154093, "mae_spike": 65.14420293017308, "rmse_normal": 21.285492042175385, "mae_normal": 16.703917079965787}