{"rmse_general": 43.0309277619408, "mae_general": 25.45047554004629, "rmse_spike": 83.61149733666754, "mae_spike": 53.80702130735294, "rmse_normal": 24.346941771410172, "mae_normal": 18.504347614337174}