{"rmse_general": 38.87592338409238, "mae_general": 21.89443260222412, "rmse_spike": 44.13663682589831, "mae_spike": 29.521721760703034, "rmse_normal": 37.81488260689563, "mae_normal": 20.473226269540255}