{"rmse_general": 55.87879468516668, "mae_general": 29.86668068437641, "rmse_spike": 97.86579129133233, "mae_spike": 68.26565813753582, "rmse_normal": 43.80607938163936, "mae_normal": 22.707896960470084}