{"rmse_general": 45.779833677773226, "mae_general": 25.810424092751013, "rmse_spike": 81.79314099544968, "mae_spike": 60.60343925501433, "rmse_normal": 35.20320651562107, "mae_normal": 19.323905774572648}