{"rmse_general": 44.90246997563104, "mae_general": 28.814632487657292, "rmse_spike": 84.73510459734389, "mae_spike": 55.520800857257186, "rmse_normal": 27.410263125361485, "mae_normal": 22.27277568242389}