{"rmse_general": 42.33615412158398, "mae_general": 24.502555499121492, "rmse_spike": 85.7693274916166, "mae_spike": 56.0561224141659, "rmse_normal": 20.722058429476416, "mae_normal": 16.773295591978044}