{"rmse_general": 50.55065104591297, "mae_general": 32.62902620328599, "rmse_spike": 50.49724307922791, "mae_spike": 34.81208614373869, "rmse_normal": 50.5605001039529, "mae_normal": 32.226192220004755}