{"rmse_general": 34.736711407230025, "mae_general": 21.397695976620707, "rmse_spike": 74.2069601342656, "mae_spike": 55.71506911807374, "rmse_normal": 19.658490893563446, "mae_normal": 14.852044870257561}