,rmse_general,mae_general,rmse_spike,mae_spike,rmse_normal,mae_normal
0,29.266907080189707,19.617443656921388,64.88405745219531,52.15748377974315,18.035114021105112,14.462036959438553
